url,page_type,locale,source_route,should_index
https://archicompass.pl/,static_page,pl,app/page.tsx,false
https://archicompass.pl/ai-disclaimer,legal_page,pl,app/ai-disclaimer/page.tsx,false
https://archicompass.pl/ai-transparency,legal_page,pl,app/ai-transparency/page.tsx,false
https://archicompass.pl/cookies,legal_page,pl,app/cookies/page.tsx,false
https://archicompass.pl/designers,static_page,pl,app/designers/page.tsx,false
https://archicompass.pl/designers/monika-gregorczuk,designer_profile,pl,app/designers/[id]/page.tsx,false
https://archicompass.pl/en,static_page,en,app/page.tsx,false
https://archicompass.pl/en/ai-disclaimer,legal_page,en,app/ai-disclaimer/page.tsx,false
https://archicompass.pl/en/ai-transparency,legal_page,en,app/ai-transparency/page.tsx,false
https://archicompass.pl/en/cookies,legal_page,en,app/cookies/page.tsx,false
https://archicompass.pl/en/designers,static_page,en,app/designers/page.tsx,false
https://archicompass.pl/en/designers/monika-gregorczuk,designer_profile,en,app/designers/[id]/page.tsx,false
https://archicompass.pl/en/get-started,static_page,en,app/get-started/page.tsx,false
https://archicompass.pl/en/guides,static_page,en,app/guides/page.tsx,false
https://archicompass.pl/en/guides/apartment-renovation-budget,guide_article,en,app/guides/[slug]/page.tsx,false
https://archicompass.pl/en/guides/architect-or-interior-designer,guide_article,en,app/guides/[slug]/page.tsx,false
https://archicompass.pl/en/guides/how-to-choose-an-interior-designer,guide_article,en,app/guides/[slug]/page.tsx,false
https://archicompass.pl/en/guides/how-to-define-your-interior-style,guide_article,en,app/guides/[slug]/page.tsx,false
https://archicompass.pl/en/guides/how-to-plan-an-interior-design-project,guide_article,en,app/guides/[slug]/page.tsx,false
https://archicompass.pl/en/guides/how-to-prepare-an-interior-design-brief,guide_article,en,app/guides/[slug]/page.tsx,false
https://archicompass.pl/en/guides/how-to-save-money-on-a-renovation,guide_article,en,app/guides/[slug]/page.tsx,false
https://archicompass.pl/en/guides/interior-design-costs-in-poland,guide_article,en,app/guides/[slug]/page.tsx,false
https://archicompass.pl/en/guides/interior-design-project-timeline,guide_article,en,app/guides/[slug]/page.tsx,false
https://archicompass.pl/en/guides/interior-design-trends-2026,guide_article,en,app/guides/[slug]/page.tsx,false
https://archicompass.pl/en/guides/mistakes-before-starting-a-renovation,guide_article,en,app/guides/[slug]/page.tsx,false
https://archicompass.pl/en/guides/most-popular-interior-styles,guide_article,en,app/guides/[slug]/page.tsx,false
https://archicompass.pl/en/guides/renovation-checklist-before-you-start,guide_article,en,app/guides/[slug]/page.tsx,false
https://archicompass.pl/en/guides/small-apartment-design-ideas,guide_article,en,app/guides/[slug]/page.tsx,false
https://archicompass.pl/en/guides/why-archicompass,guide_article,en,app/guides/[slug]/page.tsx,false
https://archicompass.pl/en/inspiration,static_page,en,app/inspiration/page.tsx,false
https://archicompass.pl/en/inspiration/minimalist-kitchen-design,inspiration_article,en,app/inspiration/[slug]/page.tsx,false
https://archicompass.pl/en/inspiration/modern-living-room-trends,inspiration_article,en,app/inspiration/[slug]/page.tsx,false
https://archicompass.pl/en/inspiration/sustainable-architecture-guide,inspiration_article,en,app/inspiration/[slug]/page.tsx,false
https://archicompass.pl/en/interior-designers/poland/gdansk,city_directory,en,app/interior-designers/[country]/[city]/page.tsx,false
https://archicompass.pl/en/interior-designers/poland/krakow,city_directory,en,app/interior-designers/[country]/[city]/page.tsx,false
https://archicompass.pl/en/interior-designers/poland/lodz,city_directory,en,app/interior-designers/[country]/[city]/page.tsx,false
https://archicompass.pl/en/interior-designers/poland/poznan,city_directory,en,app/interior-designers/[country]/[city]/page.tsx,false
https://archicompass.pl/en/interior-designers/poland/warsaw,city_directory,en,app/interior-designers/[country]/[city]/page.tsx,false
https://archicompass.pl/en/interior-designers/poland/wroclaw,city_directory,en,app/interior-designers/[country]/[city]/page.tsx,false
https://archicompass.pl/en/pricing,static_page,en,app/pricing/page.tsx,false
https://archicompass.pl/en/privacy,legal_page,en,app/privacy/page.tsx,false
https://archicompass.pl/en/privacy-and-ai,legal_page,en,app/privacy-and-ai/page.tsx,false
https://archicompass.pl/en/project-compass,static_page,en,app/project-compass/page.tsx,false
https://archicompass.pl/en/projects/01b0f54f-44c0-471a-ab5c-89024a3ad4e7,portfolio_project,en,app/projects/[id]/page.tsx,false
https://archicompass.pl/en/projects/054bbaf7-4428-4264-abb9-755c6f21f988,portfolio_project,en,app/projects/[id]/page.tsx,false
https://archicompass.pl/en/projects/0d009649-98b4-4b5d-ba7b-2a53e67b7bfc,portfolio_project,en,app/projects/[id]/page.tsx,false
https://archicompass.pl/en/projects/11766e76-2386-412c-a678-c91b9a91a776,portfolio_project,en,app/projects/[id]/page.tsx,false
https://archicompass.pl/en/projects/17f17177-1e0d-44fe-b154-6e47f7bbb8a9,portfolio_project,en,app/projects/[id]/page.tsx,false
https://archicompass.pl/en/projects/1b45eb9f-456c-4939-99b3-e1fbd0d1278b,portfolio_project,en,app/projects/[id]/page.tsx,false
https://archicompass.pl/en/projects/22b02933-e332-42a7-b586-8ea2682f4e42,portfolio_project,en,app/projects/[id]/page.tsx,false
https://archicompass.pl/en/projects/35a9b8f5-d9dc-4523-b043-c5ae73147bf0,portfolio_project,en,app/projects/[id]/page.tsx,false
https://archicompass.pl/en/projects/36120c29-3bd8-436b-ac05-c0d308be2c39,portfolio_project,en,app/projects/[id]/page.tsx,false
https://archicompass.pl/en/projects/428990d2-b4fe-4c2a-a0b9-27314500bf1f,portfolio_project,en,app/projects/[id]/page.tsx,false
https://archicompass.pl/en/projects/447a17ef-43b9-4309-90b1-211067811430,portfolio_project,en,app/projects/[id]/page.tsx,false
https://archicompass.pl/en/projects/476e1541-5cb6-483b-a97b-40c59e63cf9a,portfolio_project,en,app/projects/[id]/page.tsx,false
https://archicompass.pl/en/projects/4ee0f747-fa34-4630-abf6-b47c08322821,portfolio_project,en,app/projects/[id]/page.tsx,false
https://archicompass.pl/en/projects/51800d7e-4d9a-40f1-a11a-64e512078fe7,portfolio_project,en,app/projects/[id]/page.tsx,false
https://archicompass.pl/en/projects/531fe55e-4303-4689-b530-5f80b8430c1b,portfolio_project,en,app/projects/[id]/page.tsx,false
https://archicompass.pl/en/projects/555c2078-cc71-4553-beb1-d99f49bb8975,portfolio_project,en,app/projects/[id]/page.tsx,false
https://archicompass.pl/en/projects/600c4de9-0fcd-4c1b-a75d-e8070e0449a4,portfolio_project,en,app/projects/[id]/page.tsx,false
https://archicompass.pl/en/projects/61895c92-263e-41ab-a051-9db1af09316f,portfolio_project,en,app/projects/[id]/page.tsx,false
https://archicompass.pl/en/projects/74a6a4ae-eb21-489d-ae59-96667a7ccb2a,portfolio_project,en,app/projects/[id]/page.tsx,false
https://archicompass.pl/en/projects/75db5d6c-9994-4c64-8ef2-9f922a35e20e,portfolio_project,en,app/projects/[id]/page.tsx,false
https://archicompass.pl/en/projects/89f08196-5586-4cff-a114-2d205f7f4c8b,portfolio_project,en,app/projects/[id]/page.tsx,false
https://archicompass.pl/en/projects/8a202c97-769e-4927-8ef7-7c34422c51eb,portfolio_project,en,app/projects/[id]/page.tsx,false
https://archicompass.pl/en/projects/94e93914-8032-445b-ae65-ec80c193530c,portfolio_project,en,app/projects/[id]/page.tsx,false
https://archicompass.pl/en/projects/996a5fc6-e3dd-460b-a1f7-13041e0b8319,portfolio_project,en,app/projects/[id]/page.tsx,false
https://archicompass.pl/en/projects/9b594918-0ef0-49e5-92b6-5a8cb51aba50,portfolio_project,en,app/projects/[id]/page.tsx,false
https://archicompass.pl/en/projects/9d050a68-4641-4393-8911-f39d7aeb8a92,portfolio_project,en,app/projects/[id]/page.tsx,false
https://archicompass.pl/en/projects/9e3924bf-2a8b-4a8d-af16-c08012844971,portfolio_project,en,app/projects/[id]/page.tsx,false
https://archicompass.pl/en/projects/b19b65c8-9042-4a98-bb77-975bdc40f7d0,portfolio_project,en,app/projects/[id]/page.tsx,false
https://archicompass.pl/en/projects/b364a13b-5a78-4e7b-b425-c14e3cb8f5c2,portfolio_project,en,app/projects/[id]/page.tsx,false
https://archicompass.pl/en/projects/b60dddf5-319a-40c8-9976-709a4ff64840,portfolio_project,en,app/projects/[id]/page.tsx,false
https://archicompass.pl/en/projects/bbe707de-7821-48c6-8cdb-8ee2089c7795,portfolio_project,en,app/projects/[id]/page.tsx,false
https://archicompass.pl/en/projects/bcb7baf3-5310-46c6-bed0-11163c847f6a,portfolio_project,en,app/projects/[id]/page.tsx,false
https://archicompass.pl/en/projects/ce11dfdd-e413-418f-81bb-62fe3ba31068,portfolio_project,en,app/projects/[id]/page.tsx,false
https://archicompass.pl/en/projects/d0f1fd94-910b-4f12-bdf5-dd3573b24280,portfolio_project,en,app/projects/[id]/page.tsx,false
https://archicompass.pl/en/projects/d1d9933e-4ef7-4c3e-8492-68375a8a2fb3,portfolio_project,en,app/projects/[id]/page.tsx,false
https://archicompass.pl/en/projects/d23fde19-811a-4811-914d-bdd480326b00,portfolio_project,en,app/projects/[id]/page.tsx,false
https://archicompass.pl/en/projects/d77a8a65-4b49-4141-b87e-dc775a890a6d,portfolio_project,en,app/projects/[id]/page.tsx,false
https://archicompass.pl/en/projects/dbb4e976-624c-4fcd-ac95-f2f0876fe62a,portfolio_project,en,app/projects/[id]/page.tsx,false
https://archicompass.pl/en/projects/e1f0d2f0-1af0-4857-a84d-0a6f539ddb13,portfolio_project,en,app/projects/[id]/page.tsx,false
https://archicompass.pl/en/projects/e6b0aec0-d951-441f-80c5-95d488e03330,portfolio_project,en,app/projects/[id]/page.tsx,false
https://archicompass.pl/en/projects/e73f8d69-3707-48de-8413-3772b6f5d4f1,portfolio_project,en,app/projects/[id]/page.tsx,false
https://archicompass.pl/en/projects/f10e8c07-684a-4880-bc6d-4b150312eb6a,portfolio_project,en,app/projects/[id]/page.tsx,false
https://archicompass.pl/en/responsible-ai,legal_page,en,app/responsible-ai/page.tsx,false
https://archicompass.pl/en/services-and-pricing,static_page,en,app/services-and-pricing/page.tsx,false
https://archicompass.pl/en/terms,legal_page,en,app/terms/page.tsx,false
https://archicompass.pl/get-started,static_page,pl,app/get-started/page.tsx,false
https://archicompass.pl/guides,static_page,pl,app/guides/page.tsx,false
https://archicompass.pl/guides/architekt-czy-projektant-wnetrz,guide_article,pl,app/guides/[slug]/page.tsx,false
https://archicompass.pl/guides/bledy-przed-rozpoczeciem-remontu,guide_article,pl,app/guides/[slug]/page.tsx,false
https://archicompass.pl/guides/budzet-remontu-mieszkania,guide_article,pl,app/guides/[slug]/page.tsx,false
https://archicompass.pl/guides/dlaczego-archicompass,guide_article,pl,app/guides/[slug]/page.tsx,false
https://archicompass.pl/guides/harmonogram-projektu-wnetrza,guide_article,pl,app/guides/[slug]/page.tsx,false
https://archicompass.pl/guides/ile-kosztuje-projekt-wnetrza-w-polsce,guide_article,pl,app/guides/[slug]/page.tsx,false
https://archicompass.pl/guides/inspiracje-do-malych-mieszkan,guide_article,pl,app/guides/[slug]/page.tsx,false
https://archicompass.pl/guides/jak-okreslic-styl-wnetrza,guide_article,pl,app/guides/[slug]/page.tsx,false
https://archicompass.pl/guides/jak-oszczedzic-na-remoncie,guide_article,pl,app/guides/[slug]/page.tsx,false
https://archicompass.pl/guides/jak-przygotowac-brief-dla-projektanta-wnetrz,guide_article,pl,app/guides/[slug]/page.tsx,false
https://archicompass.pl/guides/jak-wybrac-projektanta-wnetrz,guide_article,pl,app/guides/[slug]/page.tsx,false
https://archicompass.pl/guides/jak-zaplanowac-projekt-wnetrza,guide_article,pl,app/guides/[slug]/page.tsx,false
https://archicompass.pl/guides/lista-kontrolna-przed-remontem,guide_article,pl,app/guides/[slug]/page.tsx,false
https://archicompass.pl/guides/najpopularniejsze-style-wnetrz,guide_article,pl,app/guides/[slug]/page.tsx,false
https://archicompass.pl/guides/trendy-wnetrz-2026,guide_article,pl,app/guides/[slug]/page.tsx,false
https://archicompass.pl/inspiration,static_page,pl,app/inspiration/page.tsx,false
https://archicompass.pl/inspiration/minimalist-kitchen-design,inspiration_article,pl,app/inspiration/[slug]/page.tsx,false
https://archicompass.pl/inspiration/modern-living-room-trends,inspiration_article,pl,app/inspiration/[slug]/page.tsx,false
https://archicompass.pl/inspiration/sustainable-architecture-guide,inspiration_article,pl,app/inspiration/[slug]/page.tsx,false
https://archicompass.pl/projektanci-wnetrz/gdansk,city_directory,pl,app/projektanci-wnetrz/[city]/page.tsx,false
https://archicompass.pl/projektanci-wnetrz/krakow,city_directory,pl,app/projektanci-wnetrz/[city]/page.tsx,false
https://archicompass.pl/projektanci-wnetrz/lodz,city_directory,pl,app/projektanci-wnetrz/[city]/page.tsx,false
https://archicompass.pl/projektanci-wnetrz/poznan,city_directory,pl,app/projektanci-wnetrz/[city]/page.tsx,false
https://archicompass.pl/projektanci-wnetrz/warsaw,city_directory,pl,app/projektanci-wnetrz/[city]/page.tsx,false
https://archicompass.pl/projektanci-wnetrz/wroclaw,city_directory,pl,app/projektanci-wnetrz/[city]/page.tsx,false
https://archicompass.pl/pricing,static_page,pl,app/pricing/page.tsx,false
https://archicompass.pl/privacy,legal_page,pl,app/privacy/page.tsx,false
https://archicompass.pl/privacy-and-ai,legal_page,pl,app/privacy-and-ai/page.tsx,false
https://archicompass.pl/project-compass,static_page,pl,app/project-compass/page.tsx,false
https://archicompass.pl/projects/01b0f54f-44c0-471a-ab5c-89024a3ad4e7,portfolio_project,pl,app/projects/[id]/page.tsx,false
https://archicompass.pl/projects/054bbaf7-4428-4264-abb9-755c6f21f988,portfolio_project,pl,app/projects/[id]/page.tsx,false
https://archicompass.pl/projects/0d009649-98b4-4b5d-ba7b-2a53e67b7bfc,portfolio_project,pl,app/projects/[id]/page.tsx,false
https://archicompass.pl/projects/11766e76-2386-412c-a678-c91b9a91a776,portfolio_project,pl,app/projects/[id]/page.tsx,false
https://archicompass.pl/projects/17f17177-1e0d-44fe-b154-6e47f7bbb8a9,portfolio_project,pl,app/projects/[id]/page.tsx,false
https://archicompass.pl/projects/1b45eb9f-456c-4939-99b3-e1fbd0d1278b,portfolio_project,pl,app/projects/[id]/page.tsx,false
https://archicompass.pl/projects/22b02933-e332-42a7-b586-8ea2682f4e42,portfolio_project,pl,app/projects/[id]/page.tsx,false
https://archicompass.pl/projects/35a9b8f5-d9dc-4523-b043-c5ae73147bf0,portfolio_project,pl,app/projects/[id]/page.tsx,false
https://archicompass.pl/projects/36120c29-3bd8-436b-ac05-c0d308be2c39,portfolio_project,pl,app/projects/[id]/page.tsx,false
https://archicompass.pl/projects/428990d2-b4fe-4c2a-a0b9-27314500bf1f,portfolio_project,pl,app/projects/[id]/page.tsx,false
https://archicompass.pl/projects/447a17ef-43b9-4309-90b1-211067811430,portfolio_project,pl,app/projects/[id]/page.tsx,false
https://archicompass.pl/projects/476e1541-5cb6-483b-a97b-40c59e63cf9a,portfolio_project,pl,app/projects/[id]/page.tsx,false
https://archicompass.pl/projects/4ee0f747-fa34-4630-abf6-b47c08322821,portfolio_project,pl,app/projects/[id]/page.tsx,false
https://archicompass.pl/projects/51800d7e-4d9a-40f1-a11a-64e512078fe7,portfolio_project,pl,app/projects/[id]/page.tsx,false
https://archicompass.pl/projects/531fe55e-4303-4689-b530-5f80b8430c1b,portfolio_project,pl,app/projects/[id]/page.tsx,false
https://archicompass.pl/projects/555c2078-cc71-4553-beb1-d99f49bb8975,portfolio_project,pl,app/projects/[id]/page.tsx,false
https://archicompass.pl/projects/600c4de9-0fcd-4c1b-a75d-e8070e0449a4,portfolio_project,pl,app/projects/[id]/page.tsx,false
https://archicompass.pl/projects/61895c92-263e-41ab-a051-9db1af09316f,portfolio_project,pl,app/projects/[id]/page.tsx,false
https://archicompass.pl/projects/74a6a4ae-eb21-489d-ae59-96667a7ccb2a,portfolio_project,pl,app/projects/[id]/page.tsx,false
https://archicompass.pl/projects/75db5d6c-9994-4c64-8ef2-9f922a35e20e,portfolio_project,pl,app/projects/[id]/page.tsx,false
https://archicompass.pl/projects/89f08196-5586-4cff-a114-2d205f7f4c8b,portfolio_project,pl,app/projects/[id]/page.tsx,false
https://archicompass.pl/projects/8a202c97-769e-4927-8ef7-7c34422c51eb,portfolio_project,pl,app/projects/[id]/page.tsx,false
https://archicompass.pl/projects/94e93914-8032-445b-ae65-ec80c193530c,portfolio_project,pl,app/projects/[id]/page.tsx,false
https://archicompass.pl/projects/996a5fc6-e3dd-460b-a1f7-13041e0b8319,portfolio_project,pl,app/projects/[id]/page.tsx,false
https://archicompass.pl/projects/9b594918-0ef0-49e5-92b6-5a8cb51aba50,portfolio_project,pl,app/projects/[id]/page.tsx,false
https://archicompass.pl/projects/9d050a68-4641-4393-8911-f39d7aeb8a92,portfolio_project,pl,app/projects/[id]/page.tsx,false
https://archicompass.pl/projects/9e3924bf-2a8b-4a8d-af16-c08012844971,portfolio_project,pl,app/projects/[id]/page.tsx,false
https://archicompass.pl/projects/b19b65c8-9042-4a98-bb77-975bdc40f7d0,portfolio_project,pl,app/projects/[id]/page.tsx,false
https://archicompass.pl/projects/b364a13b-5a78-4e7b-b425-c14e3cb8f5c2,portfolio_project,pl,app/projects/[id]/page.tsx,false
https://archicompass.pl/projects/b60dddf5-319a-40c8-9976-709a4ff64840,portfolio_project,pl,app/projects/[id]/page.tsx,false
https://archicompass.pl/projects/bbe707de-7821-48c6-8cdb-8ee2089c7795,portfolio_project,pl,app/projects/[id]/page.tsx,false
https://archicompass.pl/projects/bcb7baf3-5310-46c6-bed0-11163c847f6a,portfolio_project,pl,app/projects/[id]/page.tsx,false
https://archicompass.pl/projects/ce11dfdd-e413-418f-81bb-62fe3ba31068,portfolio_project,pl,app/projects/[id]/page.tsx,false
https://archicompass.pl/projects/d0f1fd94-910b-4f12-bdf5-dd3573b24280,portfolio_project,pl,app/projects/[id]/page.tsx,false
https://archicompass.pl/projects/d1d9933e-4ef7-4c3e-8492-68375a8a2fb3,portfolio_project,pl,app/projects/[id]/page.tsx,false
https://archicompass.pl/projects/d23fde19-811a-4811-914d-bdd480326b00,portfolio_project,pl,app/projects/[id]/page.tsx,false
https://archicompass.pl/projects/d77a8a65-4b49-4141-b87e-dc775a890a6d,portfolio_project,pl,app/projects/[id]/page.tsx,false
https://archicompass.pl/projects/dbb4e976-624c-4fcd-ac95-f2f0876fe62a,portfolio_project,pl,app/projects/[id]/page.tsx,false
https://archicompass.pl/projects/e1f0d2f0-1af0-4857-a84d-0a6f539ddb13,portfolio_project,pl,app/projects/[id]/page.tsx,false
https://archicompass.pl/projects/e6b0aec0-d951-441f-80c5-95d488e03330,portfolio_project,pl,app/projects/[id]/page.tsx,false
https://archicompass.pl/projects/e73f8d69-3707-48de-8413-3772b6f5d4f1,portfolio_project,pl,app/projects/[id]/page.tsx,false
https://archicompass.pl/projects/f10e8c07-684a-4880-bc6d-4b150312eb6a,portfolio_project,pl,app/projects/[id]/page.tsx,false
https://archicompass.pl/responsible-ai,legal_page,pl,app/responsible-ai/page.tsx,false
https://archicompass.pl/services-and-pricing,static_page,pl,app/services-and-pricing/page.tsx,false
https://archicompass.pl/terms,legal_page,pl,app/terms/page.tsx,false

